Steam,,,
Dota 2,,,
Counter-Strike: Global Offensive,,,
Team Fortress 2,,,
Grand Theft Auto V,,,
ARK: Survival Evolved,,,
Football Manager 2015,,,
Warframe,,,
Clicker Heroes,,,
Sid Meier's Civilization V,,,
The Binding of Isaac: Rebirth,,,
PAYDAY 2,,,
War Thunder,,,
Garry's Mod,,,
The Elder Scrolls V: Skyrim,,,
Unturned,,,
Counter-Strike,,,
Arma 3,,,
Terraria,,,
H1Z1,,,
Football Manager 2016,,,
Left 4 Dead 2,,,
Rocket League,,,
Rust,,,
Trove,,,
Counter-Strike: Source,,,
Euro Truck Simulator 2,,,
AdVenture Capitalist,,,
METAL GEAR SOLID V: THE PHANTOM PAIN,,,
The Witcher 3: Wild Hunt,,,
Total War: ROME II - Emperor Edition,,,
SMITE,,,
Fallout: New Vegas,,,
Europa Universalis IV,,,
Path of Exile,,,
Football Manager 2014,,,
Arma 2: Operation Arrowhead,,,
Cities: Skylines,,,
DayZ,,,
Warhammer: End Times - Vermintide,,,
Mount & Blade: Warband,,,
Borderlands 2,,,
Company of Heroes 2,,,
NBA 2K16,,,
Dungeon Defenders II,,,
7 Days to Die,,,
Spacewar,,,
Heroes & Generals,,,
Anno 2205,,,
Elite: Dangerous,,,
Counter-Strike Nexon: Zombies,,,
Crusaders of the Lost Idols,,,
Call of Duty: Black Ops II - Multiplayer,,,
Farming Simulator 15,,,
Banished,,,
FINAL FANTASY XIV: A Realm Reborn,,,
Time Clickers,,,
Dirty Bomb,,,
Total War: ATTILA,,,
Crusader Kings II,,,
TERA,,,
Age of Empires II: HD Edition,,,
XCOM: Enemy Unknown,,,
Sid Meier's Civilization: Beyond Earth,,,
Warface,,,
Divinity: Original Sin Enhanced Edition,,,
Call of Duty: Modern Warfare 3 - Multiplayer,,,
Pro Evolution Soccer 2016,,,
Empire: Total War,,,
Batman™: Arkham Knight,,,
Dying Light,,,
Middle-earth: Shadow of Mordor,,,
Neverwinter,,,
Don't Starve Together Beta,,,
Kerbal Space Program,,,
Total War: SHOGUN 2,,,
Prison Architect,,,
Insurgency,,,
ArcheAge,,,
DARK SOULS™ II: Scholar of the First Sin,,,
Space Engineers,,,
Hitman: Absolution,,,
The Binding of Isaac,,,
Magic Duels,,,
Dark Souls: Prepare to Die Edition,,,
Undertale,,,
PlanetSide 2,,,
Robocraft,,,
Football Manager 2013,,,
Nobunaga's Ambition: Souzou with Power Up Kit,,,
Mad Max,,,
Call of Duty: Modern Warfare 2 - Multiplayer,,,
Starbound,,,
Fallout 3 - Game of the Year Edition,,,
The Elder Scrolls Online: Tamriel Unlimited,,,
Stronghold Kingdoms,,,
Tales of Zestiria,,,
Tom Clancy's Ghost Recon Phantoms - EU,,,
Fishing Planet,,,
Killing Floor 2,,,
Marvel Heroes 2015,,,
